id;christmas_package_id;content;created_by
NULL;1;Quisque eu nisl tincidunt, viverra dui a, dapibus leo.;system
NULL;2;Etiam scelerisque tellus sed augue luctus, at consequat est semper.;system
NULL;3;Nullam et mi eu massa tristique consequat.;system
NULL;4;Suspendisse volutpat sem sit amet ante placerat, ut facilisis tellus bibendum.;system
NULL;5;Fusce id sapien blandit, malesuada felis eu, vehicula ligula.;system
NULL;7;Duis ac dolor laoreet nibh iaculis egestas.;system
NULL;8;Nam at urna ac dui maximus aliquet ut quis urna.;system
NULL;10;Mauris congue leo eu libero auctor consectetur.;system
NULL;11;Duis sed tellus vel velit maximus faucibus.;system
NULL;12;Duis vel dui sit amet nulla fermentum efficitur.;system
NULL;13;Proin venenatis leo id vestibulum vestibulum.;system
NULL;15;Sed lacinia ante vel volutpat sodales.;system
NULL;16;Sed maximus augue at nisi hendrerit imperdiet.;system
NULL;17;Suspendisse id ipsum rhoncus, tristique ligula vitae, pulvinar nunc.;system
NULL;19;Sed ultricies diam tristique leo blandit porttitor.;system
NULL;20;Etiam lacinia tortor vel tellus gravida iaculis.;system
NULL;21;Aliquam pellentesque magna vel arcu posuere laoreet.;system
NULL;22;Fusce eu lectus non lorem egestas accumsan.;system
NULL;23;Morbi tincidunt ante ac ligula tempus rutrum.;system
NULL;24;Morbi tempus est vitae sem volutpat pellentesque.;system
NULL;26;Nam facilisis massa sit amet rhoncus semper.;system
NULL;27;Curabitur eu risus facilisis, finibus tortor ut, semper purus.;system
NULL;28;Pellentesque interdum nulla quis consectetur tempus.;system
NULL;29;Sed lacinia tortor sodales lacinia semper.;system
NULL;30;Nullam hendrerit metus eget nunc bibendum faucibus.;system
NULL;32;Vivamus non quam in eros posuere ultrices sed sit amet lacus.;system
NULL;33;Vestibulum sed sem pellentesque, scelerisque nunc vel, egestas nisl.;system
NULL;35;Ut vel dui placerat, aliquam nunc ut, fringilla purus.;system
NULL;37;Duis vitae arcu eu eros placerat commodo sed non est.;system
NULL;39;Sed dignissim tortor non mauris gravida pharetra.;system
NULL;41;Quisque ac nibh convallis, euismod massa ut, mattis felis.;system
NULL;42;Vivamus maximus quam id tellus condimentum interdum.;system
NULL;44;Vivamus consectetur mi ultricies ornare mattis.;system
NULL;45;Nam dapibus nibh et ipsum aliquet sodales.;system
NULL;47;Quisque nec erat et arcu fringilla suscipit pharetra et eros.;system
NULL;49;Maecenas id sem eget erat venenatis rhoncus.;system
NULL;50;Nullam vestibulum massa nec tellus ultrices accumsan.;system
NULL;51;Vestibulum auctor tortor sit amet dictum malesuada.;system
