subpackage_note_id;subpackage_id;content;created_by
1;1;Etiam a tellus vitae nunc cursus fringilla.;system
2;1;Mauris et tortor sit amet est fermentum varius.;system
3;2;Integer sodales enim et risus congue maximus.;system
4;2;Maecenas id neque ut lectus hendrerit maximus ut in arcu.;system
5;3;Maecenas bibendum nibh quis arcu mattis ornare.;system
6;6;Aliquam luctus tortor id dui facilisis vehicula.;system
7;6;Quisque convallis dolor a ligula sagittis luctus.;system
8;7;Praesent id odio id ante vulputate euismod.;system
9;8;Cras commodo nunc non faucibus varius.;system
10;9;Aliquam luctus libero sit amet nibh molestie pharetra.;system
11;10;Curabitur sit amet justo mattis, finibus orci ac, sodales tortor.;system
12;11;Quisque tempor nisi ac diam convallis, eget ornare ligula vulputate.;system
13;13;Curabitur dictum nisl porttitor, interdum leo non, lacinia sapien.;system
14;14;Curabitur mattis diam ac vehicula suscipit.;system
15;15;Curabitur accumsan nunc eu rhoncus tincidunt.;system
16;16;Nam nec neque porta, ultrices nisl ultricies, ultrices lectus.;system
17;17;Donec nec massa et purus blandit rutrum.;system
18;19;Aliquam fringilla arcu sit amet iaculis efficitur.;system
19;20;In quis metus lobortis, gravida arcu non, fringilla arcu.;system
20;21;Donec vitae urna non diam aliquet ullamcorper eu quis risus.;system
21;22;Morbi placerat mi non sem sodales efficitur.;system
22;23;Nullam in ex quis nibh tempus facilisis non sit amet sem.;system
23;24;Phasellus at mi et ex pellentesque egestas at sit amet felis.;system
24;25;Duis egestas justo non quam efficitur, at scelerisque felis egestas.;system
25;27;Pellentesque facilisis mi eu erat sagittis, in facilisis odio gravida.;system
26;28;Sed non augue a nisl sagittis mattis in eget nulla.;system
27;29;Phasellus dignissim ante id laoreet porta.;system
28;30;Aenean ullamcorper urna a mauris posuere malesuada.;system
29;31;Praesent tincidunt purus aliquam felis interdum, sit amet pellentesque tortor cursus.;system
30;33;Maecenas eu ligula et nunc auctor consectetur.;system
31;33;Donec vitae purus ac arcu porttitor mattis eget sed dolor.;system
32;34;Pellentesque id nunc eget ligula feugiat tincidunt et vel ante.;system
33;36;Nulla pharetra ligula maximus augue luctus, malesuada molestie sapien laoreet.;system
34;37;Duis ornare nisi vehicula, maximus urna quis, ornare ex.;system
35;38;Proin sit amet dolor elementum, varius nunc ut, gravida tortor.;system
36;40;Mauris sit amet leo consectetur, ultrices leo eu, dictum mi.;system
37;42;Praesent efficitur velit a felis efficitur, ac cursus est laoreet.;system
38;43;Cras rutrum sapien vel lacinia tincidunt.;system
39;44;Ut dignissim justo sit amet lectus luctus fringilla.;system
40;45;Ut sed enim euismod, luctus nibh sit amet, interdum justo.;system
41;46;Quisque sodales ex at nunc tincidunt lacinia.;system
42;46;Sed sodales augue et vulputate efficitur.;system
43;47;Aliquam varius nunc sed leo lobortis, at luctus enim malesuada.;system
44;48;Quisque eget eros quis mi molestie lacinia.;system
45;49;Etiam consectetur neque non venenatis tempus.;system
46;51;Duis id nibh at urna tincidunt gravida eu non justo.;system
47;52;Donec a erat tincidunt, congue lorem a, facilisis enim.;system
48;53;Nulla placerat dolor ut lorem viverra, in viverra turpis interdum.;system
49;53;Maecenas vitae neque ut libero pharetra scelerisque nec nec nunc.;system
50;54;Aenean eu ligula ultrices, ornare dolor sed, ultricies augue.;system
51;55;Suspendisse eu eros a diam blandit tempor non at massa.;system
52;56;Donec rutrum sem eu hendrerit pulvinar.;system
53;57;Suspendisse at magna dignissim, faucibus leo at, dapibus nulla.;system
54;58;Sed eget sem viverra, luctus enim eget, tincidunt orci.;system
55;60;Donec a sapien non dui pharetra mattis.;system
56;61;Sed non mauris vel diam scelerisque dignissim vitae sed lectus.;system
57;62;Fusce sagittis massa ut egestas auctor.;system
58;63;Praesent interdum diam non risus fermentum varius.;system
59;64;Integer at nulla et elit molestie lacinia sit amet id erat.;system
60;65;Integer et sem a risus semper elementum.;system
61;66;Pellentesque eleifend nisl et orci convallis tristique.;system
62;68;Duis quis felis in neque eleifend pellentesque.;system
63;69;Ut feugiat ligula ut rutrum consequat.;system
64;70;Nunc lobortis sem iaculis placerat laoreet.;system
65;72;Integer ut mi vehicula, tincidunt lectus sed, tristique eros.;system
66;72;Aenean ullamcorper lorem vitae pharetra ornare.;system
67;73;Nullam id dolor bibendum, vehicula massa in, mattis lorem.;system
68;75;Cras egestas turpis vel tincidunt rutrum.;system
69;76;Aliquam vitae eros sed dolor aliquet convallis non in risus.;system
70;77;Fusce scelerisque tellus in quam eleifend, vel efficitur mi feugiat.;system
71;78;Sed tincidunt metus sed justo condimentum mollis.;system
72;80;Donec eu lectus sit amet eros finibus tincidunt.;system
73;81;Sed accumsan erat sed laoreet porta.;system
74;82;Donec elementum purus ac ipsum volutpat, sed tristique velit blandit.;system
75;83;In pellentesque lorem vel augue lacinia elementum.;system
76;84;Proin suscipit leo non odio ullamcorper elementum.;system
77;86;Cras vitae odio a libero placerat sodales id vitae ex.;system
78;87;Fusce nec magna in elit varius elementum pharetra at libero.;system
79;88;Donec ullamcorper justo vestibulum dictum malesuada.;system
80;90;Nullam et erat sed urna tristique pellentesque.;system
81;91;Mauris iaculis lacus non eleifend feugiat.;system
82;92;Donec blandit odio ac tellus semper, eget iaculis nisi ultricies.;system
83;93;Vestibulum venenatis libero ac dolor condimentum, non faucibus nibh consectetur.;system
84;96;Phasellus pharetra libero ac mattis ultricies.;system
85;97;Praesent mollis enim ac pretium elementum.;system
86;98;Quisque efficitur ligula eget tellus molestie, a imperdiet elit placerat.;system
87;101;Integer consectetur orci eget consectetur mattis.;system
88;102;Nullam porttitor lacus a dolor volutpat, ac vulputate mauris pellentesque.;system
89;105;Pellentesque dapibus mauris ornare nibh vestibulum pretium.;system
