id;christmas_package_id;subpackage_number;child_id;created_by
1;1;1;1;system
2;1;2;2;system
3;1;3;3;system
4;1;4;4;system
5;2;1;5;system
6;2;2;6;system
7;2;3;7;system
8;2;4;8;system
9;3;1;9;system
10;3;2;10;system
11;3;3;11;system
12;4;1;12;system
13;4;2;13;system
14;4;3;14;system
15;5;1;15;system
16;6;1;16;system
17;6;2;17;system
18;6;3;18;system
19;6;4;19;system
20;6;5;20;system
21;7;1;21;system
22;8;1;22;system
23;8;2;23;system
24;9;1;24;system
25;9;2;25;system
26;9;3;26;system
27;9;4;27;system
28;9;5;28;system
29;10;1;29;system
30;10;2;30;system
31;11;1;31;system
32;12;1;32;system
33;12;2;33;system
34;12;3;34;system
35;13;1;35;system
36;14;1;36;system
37;14;2;37;system
38;14;3;38;system
39;15;1;39;system
40;16;1;40;system
41;16;2;41;system
42;17;1;42;system
43;17;2;43;system
44;17;3;44;system
45;18;1;45;system
46;19;1;46;system
47;19;2;47;system
48;19;3;48;system
49;19;4;49;system
50;20;1;50;system
51;20;1;51;system
52;21;1;52;system
53;22;1;53;system
54;22;2;54;system
55;23;1;55;system
56;23;1;56;system
57;24;1;5;system
58;24;2;6;system
59;24;3;7;system
60;24;4;8;system
61;25;1;9;system
62;25;2;10;system
63;25;3;11;system
64;26;1;12;system
65;26;2;13;system
66;26;3;14;system
67;27;1;15;system
68;28;1;16;system
69;28;2;17;system
70;28;3;18;system
71;28;4;19;system
72;28;5;20;system
73;29;1;21;system
74;30;1;22;system
75;30;2;23;system
76;31;1;24;system
77;31;2;25;system
78;31;3;26;system
79;31;4;27;system
80;31;5;28;system
81;32;1;29;system
82;32;2;30;system
83;33;1;31;system
84;34;1;32;system
85;34;2;33;system
86;34;3;34;system
87;35;1;35;system
88;36;1;36;system
89;36;2;37;system
90;36;3;38;system
91;37;1;39;system
92;38;1;40;system
93;38;2;41;system
94;39;1;42;system
95;39;2;43;system
96;39;3;44;system
97;40;1;45;system
98;41;1;46;system
99;41;2;47;system
100;41;3;48;system
101;41;4;49;system
102;42;1;50;system
103;42;1;51;system
104;43;1;52;system
105;44;1;53;system
106;44;2;54;system
107;45;1;55;system
108;45;1;56;system
109;47;1;59;system
110;47;2;60;system
111;48;1;61;system
112;48;2;62;system
113;49;1;63;system
114;49;2;64;system
115;49;3;65;system
116;50;1;66;system
117;50;2;67;system
118;51;1;68;system
119;51;2;69;system
